Field,ID,Type (Тип),default,en-us,ru-ru
Title,4,Текст,,VoiceType,VoiceType
ShortDescription,8,Текст,,Fast offline AI dictation for Windows. VoiceType converts speech to text in real time in any app with global hotkeys and full on-device privacy.,Быстрый офлайн AI-диктовщик для Windows. VoiceType превращает речь в текст в любом приложении в реальном времени с глобальными хоткеями и полной локальной приватностью.
Description,2,Текст,,"VoiceType is an offline AI dictation app for Windows powered by Nemotron ASR. It types what you say in real time in any application, supports global hotkeys, and keeps all processing on your device.","VoiceType — офлайн AI-диктовщик для Windows на базе Nemotron ASR. Приложение печатает вашу речь в реальном времени в любом приложении, поддерживает глобальные хоткеи и обрабатывает данные только локально на вашем устройстве."
ReleaseNotes,3,Текст,,"What's new in VoiceType 1.3.1.0: new Parakeet TDT speech model (recommended) with higher accuracy and live text that appears in under half a second; Qwen3-ASR 1.7B is also available. Redesigned model download manager: download several models at once, see progress for each model and in total, and get a notification when each model is ready. Live translation no longer repeats itself, translates from the moment you turn it on, and the new ""Translate all"" button translates the whole transcript. New manual input mode: type or edit the transcript by hand, switch back to dictation without losing text, and see typed text translated as you type. Text injection now types only final text, so output is no longer garbled. Quiet microphones work reliably thanks to automatic gain control, audio capture is cleaner, and CPU use is lower. System audio capture now also records calls played on a headset (the default communication device), not only the default speakers. Optional GPU acceleration via WebGPU (experimental).","Что нового в VoiceType 1.3.1.0: новая модель распознавания Parakeet TDT (рекомендуется) — выше точность, живой текст появляется быстрее чем за полсекунды; также доступна Qwen3-ASR 1.7B. Новый менеджер загрузки моделей: несколько моделей скачиваются одновременно, виден прогресс по каждой модели и общий, по готовности каждой модели приходит уведомление. Живой перевод больше не повторяется, переводит с момента включения, а новая кнопка «Translate all» переводит весь транскрипт. Новый режим ручного ввода: текст можно печатать и править вручную, переключаться обратно на диктовку без потери текста, а напечатанное переводится прямо во время набора. Вставка текста теперь печатает только окончательный текст — без искажений. Тихие микрофоны работают надёжно благодаря автоматической регулировке усиления, захват звука стал чище, нагрузка на процессор ниже. Захват системного звука теперь записывает и звонки, которые идут в гарнитуру (устройство связи по умолчанию), а не только динамики по умолчанию. Опциональное ускорение на GPU через WebGPU (экспериментально)."
DesktopScreenshot1,100,Относительный путь (или URL-адрес файла в Центре партнеров),,https://developer.microsoft.com/en-us/dashboard/apps/9NRQX69XCLPT/submissions/1152921505701568798/listings/1152922700026410231/listingassets/3011360652378960628,https://developer.microsoft.com/en-us/dashboard/apps/9NRQX69XCLPT/submissions/1152921505701568798/listings/1152922700026410231/listingassets/3011360652378960628
DesktopScreenshot2,101,Относительный путь (или URL-адрес файла в Центре партнеров),,https://developer.microsoft.com/en-us/dashboard/apps/9NRQX69XCLPT/submissions/1152921505701568798/listings/1152922700026410231/listingassets/3057777034739095771,https://developer.microsoft.com/en-us/dashboard/apps/9NRQX69XCLPT/submissions/1152921505701568798/listings/1152922700026410231/listingassets/3057777034739095771
DesktopScreenshot3,102,Относительный путь (или URL-адрес файла в Центре партнеров),,https://developer.microsoft.com/en-us/dashboard/apps/9NRQX69XCLPT/submissions/1152921505701568798/listings/1152922700026410231/listingassets/3029824840795139895,https://developer.microsoft.com/en-us/dashboard/apps/9NRQX69XCLPT/submissions/1152921505701568798/listings/1152922700026410231/listingassets/3029824840795139895
DesktopScreenshot4,103,Относительный путь (или URL-адрес файла в Центре партнеров),,https://developer.microsoft.com/en-us/dashboard/apps/9NRQX69XCLPT/submissions/1152921505701568798/listings/1152922700026410231/listingassets/3021350054058000964,https://developer.microsoft.com/en-us/dashboard/apps/9NRQX69XCLPT/submissions/1152921505701568798/listings/1152922700026410231/listingassets/3021350054058000964
DesktopScreenshot5,104,Относительный путь (или URL-адрес файла в Центре партнеров),,https://developer.microsoft.com/en-us/dashboard/apps/9NRQX69XCLPT/submissions/1152921505701568798/listings/1152922700026410231/listingassets/3059815380367732879,https://developer.microsoft.com/en-us/dashboard/apps/9NRQX69XCLPT/submissions/1152921505701568798/listings/1152922700026410231/listingassets/3059815380367732879
DesktopScreenshot6,105,Относительный путь (или URL-адрес файла в Центре партнеров),,https://developer.microsoft.com/en-us/dashboard/apps/9NRQX69XCLPT/submissions/1152921505701568798/listings/1152922700026410231/listingassets/3008699280721685679,https://developer.microsoft.com/en-us/dashboard/apps/9NRQX69XCLPT/submissions/1152921505701568798/listings/1152922700026410231/listingassets/3008699280721685679
